Question,Answer
What are the benefits of solar energy?,"Solar energy has numerous benefits, including being renewable, environmentally friendly, cost-saving, promoting energy independence, creating jobs, requiring low maintenance, and offering incentives and tax credits."
How does solar energy work?,"Solar energy works by converting sunlight into electricity through photovoltaic cells. These cells capture sunlight and generate an electric current, which is then converted from DC to AC using an inverter for practical use."
What is the cost of installing solar panels?,"The cost of installing solar panels varies based on factors such as system size, location, equipment quality, and installation complexity. It's recommended to obtain quotes from multiple installers for accurate cost estimation."
How can solar energy help reduce my electricity bills?,"Solar energy can reduce electricity bills by generating free electricity. Excess energy can be fed back into the grid, earning credits or compensation through net metering, thus offsetting grid consumption."
Are there any government incentives or tax credits available for solar installations?,"Yes, government incentives and tax credits are often available to encourage solar adoption. Examples include investment tax credits (ITC), rebates, grants, and solar renewable energy certificates (SRECs)."
What is the lifespan of solar panels?,"Solar panels typically have a lifespan of 25 to 30 years or more, depending on quality, manufacturing, and maintenance. Choosing reputable manufacturers and installers is important for long-term performance."
Can solar panels be installed on any type of roof?,"Solar panels can be installed on various roof types, including asphalt shingle, metal, tile, and flat roofs. The installation approach may vary based on the roof's material and structure."
How much energy can solar panels generate?,"The energy generation of solar panels depends on factors such as panel wattage, size, efficiency, geographic location, orientation, and shading. On average, a well-designed system can generate 250 to 400 kWh per year per installed kW."
How can I determine if my home is suitable for solar panels?,"To determine suitability, consider factors like roof orientation, condition, available space, geographic location, and local regulations. Consult with a solar installer or conduct a site assessment for a more accurate evaluation."
What maintenance is required for solar panels?,"Solar panels require minimal maintenance. Periodic cleaning, inspections for damage or shading issues, and ensuring proper connections are important. Manufacturer's guidelines and professional advice should be followed."
Can solar panels work during cloudy or rainy days?,"Solar panels can still generate electricity during cloudy or rainy days, although their output will be reduced compared to sunny conditions. They can still capture diffuse sunlight, but prolonged cloud cover may decrease production."
How long does it take to recover the cost of installing solar panels?,"The time to recover the cost of solar panels (payback period) varies based on factors like installation cost, electricity savings, incentives, and local rates. On average, payback periods range from 5 to 15 years."
What financing options are available for solar installations?,"Financing options include cash purchase, solar loans, solar leases, power purchase agreements (PPAs), and property assessed clean energy (PACE) financing."
Are there any environmental benefits of using solar energy?,"Yes, solar energy offers environmental benefits by reducing greenhouse gas emissions, decreasing reliance on fossil fuels, and promoting clean and sustainable energy production."
Can solar panels be used for heating water?,"Yes, solar panels can be used for heating water through solar water heating systems, which capture the sun's heat to warm water for domestic or commercial use."
Can solar panels be integrated with battery storage systems?,"Yes, solar panels can be integrated with battery storage systems to store excess energy